nama_produk,harga_produk,penjual,kota_toko,rating_produk,banyaknya_terjual
Kylafood Paket (3 Seblak Original 2 Batagor kuah) ,Rp95.000,kylafood,Bandung,4.9,250+ terjual
 Kylafood Seblak karuhun,Rp12.150,Lakoca Official Shop,Cimahi,4.9,500+ terjual
Kylafood Seblak Rempah Autentik isi (5pcs),Rp61.275,Rav Jaya Display,Kab. Tangerang,4.9,250+ terjual
Kylafood Seblak Original Play,Rp20.250,Snackzone PP,Jakarta Pusat,4.9,750+ terjual
Paket Isi 4 Batagor Instan | Makaroni Basah | Seblak Basah,Rp64.906,CUANKI CULAMETAN,Kab. Garut,4.7,100+ terjual
SEBLAK INSTAN MOMMY,Rp13.900,kylafood,Bandung,4.9,40+ terjual
Kerupuk Seblak Pedas Mini,Rp18.000,the Dhecip,Tangerang Selatan,4.7,50+ terjual
cuanki tahu kering seblak isi 50 pcs toping seblak baso aci,Rp12.500,Baso Aci Ayang,Kab. Garut,4.9,19 terjual
Kylafood Seblak Rempah Authentik,Rp8.888,Pedas Gilaa,Surabaya,4.9,100+ terjual
Seblak Instan Pedas Home Made,Rp3.500,Pusat Cuankie & Cemilan Frozen,Jakarta Timur,5.0,15 terjual
Seblak Instan Komplit Pedas Gurih Nikmat,Rp5.999,Lidigeli,Kab. Garut,4.8,100+ terjual
Seblak Instant Homemade Lengkap Bumbu,Rp5.500,Sultan Meat Shop,Medan,4.8,40+ terjual
SEBLAK INSTANT TERMURAH,Rp4.450,CUANKI CULAMETAN,Kab. Garut,4.8,25 terjual
Gelichips Seblak Kering Sebring Camilan Kerupuk Pedas Combo 4pcs 65 gr,Rp50.000,dapur_alulapademangan,Jakarta Utara,5.0,30+ terjual
Seblak Sultan instant,Rp14.000,food Service Ingredients,Jakarta Timur,5.0,40+ terjual
siomay mini kering 1kg toping seblak baso aci,Rp25.999,Mama Fuji Official,Tangerang,4.9,60+ terjual
Halal - Seblak Mie Kuah - SIAP MAKAN - Pedas Banget,Rp14.000,anugrah seblak,Kab. Bandung,5.0,1 terjual
Kerupuk Bawang Prima / Kerupuk Warna Warni / Krupuk Seblak 1kg,Rp35.000,Grosir Besar Kalimantan,Banjarbaru,5.0,100+ terjual
Mamafuji - PROMO BUNDLING !!! SEBLAK & BAKSO ACI,Rp41.999,Semangkok Boci,Kab. Klaten,5.0,100+ terjual
"makaroni kriuk 500g pedas extra daun jeruk,cemilan nikmat,seblak,makan",Rp25.000,Pedas Gilaa,Surabaya,4.7,2 terjual
BASRENG 1 KG SEBLAK DAUN JERUK PURUT SUPER PEDAS ORIGINAL SUPER RENYAH,Rp51.771,baso aci zahra,Kab. Bandung,4.8,250+ terjual
12 Bungkus Mix Baso Aci isi 6 pcs X Seblak Instan isi 6 pcs,Rp42.999,Uai Food,Surabaya,5.0,50+ terjual
Cuanki Lidah Topping Baso Aci Seblak Isi 50 Biji,Rp13.000,Berkah Food Bandung,Cimahi,4.8,23 terjual
(HARGA TERMURAH) seblak instan mantap,Rp3.900,Pedas Gilaa,Surabaya,4.6,6 terjual
SEBLAK INSTAN NGABRET BANDUNG - SURABAYA SEBLAK INSTAN KOMPLIT,Rp5.048,nayismail,Cimahi,4.9,30+ terjual
Seblak Instan Kenyang Murah Asli Bandung Reseller Tanpa Pengawet,Rp7.138,Seblak Nyemex,Bandung,5.0,80+ terjual
Kerupuk Mentah 250gr Seblak Mentah,Rp4.500,Cempaka Cemilan,Jakarta Pusat,4.8,4 terjual
paket mix 12PCS boci cuanki seblak,Rp38.999,grosir sembako Aln2,Kab. Bandung Barat,5.0,90+ terjual
Seblak Nyemex ORIGINAL Seblak Instant,Rp16.999,food Service Ingredients,Jakarta Timur,4.9,24 terjual
Kerupuk Seblak Cekelin Cemilan Keluarga Indonesia - Asin daun jeruk,Rp8.000,DUO BOCIL SNACK,Depok,4.9,100+ terjual
kerupuk seblak rafael aln2 kemasan 100 gr - original,Rp12.000,NomeL Shop,Surabaya,5.0,90+ terjual
Kerupuk Bawang Prima / Kerupuk Warna Warni / Krupuk Seblak 250gr,Rp11.750,baso aci masabi,Jakarta Selatan,4.9,100+ terjual
Kerupuk Seblak Rafael Pedas / Seblak Mawar Pedes - Duo Bocil Snack,Rp16.000,Pedas Gilaa,Surabaya,4.8,3 terjual
BASO ACI HOMEMADE boci isi12 bakso aci termurah baso aci fresh seblak,Rp5.400,BUGAR STORE.,Kab. Garut,4.9,6 terjual
"baso aci, bakso aci, cuanki, seblak instan, boci",Rp8.000,Beauty DELUXE,Jakarta Barat,5.0,1rb+ terjual
Pilus Cikur 1Kg Khas Garut Topping Baso Aci / Seblak,Rp30.000,Pedas Gilaa,Surabaya,4.0,5 terjual
seblak mercon pedas galak,Rp3.500,gaiagarut,Kab. Garut,5.0,2 terjual
Seblak RAFAEL | Seblak MAMANG RAFAEL | Seblak Viral ORIGINAL TATANGGA,Rp44.500,Kenal Jaya Bandung,Bandung,4.9,2 terjual
GURILEM MINI 1KG Siomay Kering Toping Baso Aci Cuanki Seblak,Rp29.000,hikmah berkah jaya,Jakarta Barat,4.4,60+ terjual
"Toping Seblak Baso Aci PAKET MIX 150pcs Cuanki Lidah, Siomay dan Baso",Rp42.500,Distributor Cuanki dan Seblak,Kab. Bekasi,5.0,60+ terjual
Agen Seblak Mommy,Rp9.999,food Service Ingredients,Jakarta Timur,4.8,40+ terjual
seblak instant sajodo snak,Rp18.999,Foodstocks,Jakarta Selatan,4.9,250+ terjual
Cuanki Lidah 50 pcs topingan seblak baso Aci bakso cuanki,Rp14.000,Lakoca Official Shop,Cimahi,4.9,10rb+ terjual
Kerupuk Bawang Prima / Kerupuk Warna Warni / Krupuk Seblak 5kg,Rp170.000,Gerai Snack Official Shop,Kab. Tangerang,4.9,100+ terjual
Seblak Hot Spicy By Bapper Food / Seblak Instant Khas Bandung,Rp19.110,Culametan Food,Kab. Garut,4.9,250+ terjual
Paket Isi 6 Cuanki Instan Lakoca | Batagor Instan | Seblak Basah GFS,Rp93.840,SuperSnacksShop,Kab. Bandung,4.4,100+ terjual
Seblak Instant Basranger Extra Pedas Daun Jeruk (200gr),Rp19.700,Lidigeli,Kab. Garut,4.8,250+ terjual
cuanki lidah isi 50 topping baso aci dan seblak,Rp11.999,Lidigeli,Kab. Garut,4.7,70+ terjual
KERUPUK / KERUPUK MENTAH / KERUPUK SEBLAK MENTAH / KRUPUK BWG 200gr,Rp5.750,Kickball Official,Bandung,5.0,100+ terjual
Geli Food Seblak Ceker Tanpa Tulang Super Pedas 180gr,Rp25.000,lisdhacollection,Kab. Garut,5.0,250+ terjual
Gelifood Seblak Instan Kerupuk Mawar Bumbu Kencur Rafael Pedas Gurih,Rp19.000,oyun kriukzz,Jakarta Barat,4.9,16 terjual
bumbu seblak basah instan,Rp26.666,GK_Snack,Kab. Bandung,4.7,12 terjual
Seblak Komplit⠀⠀,Rp5.400,AUFARO SNACK,Kab. Bandung Barat,4.9,5 terjual
Kerupuk seblak kering kencur 500gram /seblak kering pedas daun jeruk,Rp30.000,Lidigeli,Kab. Garut,5.0,90+ terjual
KERUPUK MENTAH SERBA 5000 BAHAN SEBLAK,Rp6.000,Medina Snack Grosir,Kab. Sukabumi,4.7,9 terjual
seblak instant komplit bumbu cikruh bandung aufaro snack,Rp6.800,Sajodo Snack & Food,Tasikmalaya,4.9,250+ terjual
Gelifood Combo 3pcs Seblak Ceker Tanpa Tulang Super Pedas,Rp65.000,kylafood,Bandung,4.8,9 terjual
Seblak Ceker Cap Dua Putra,Rp8.000,Central Seblak Nusantara,Tangerang Selatan,5.0,40+ terjual
3 BASO ACI FREE SEBLAK SAJODO SNACK & FOOD,Rp62.500,Cemilan-Ce,Kab. Sidoarjo,5.0,250+ terjual
Kylafood Seblak Original,Rp21.375,kerudung bunga,Cimahi,5.0,26 terjual
